1,John
2,Emma
3,Liam
4,Olivia
5,Noah
6,Emma
7,Mason
8,Sophia
9,Isabella
10,William
11,Olivia
12,Logan
13,Charlotte
14,Ethan
15,Amelia
16,Jacob
17,Sophia
18,Mia
19,Daniel
20,Mason
21,Ava
22,Harper
23,William
24,Emily
25,James
26,Ella
27,Michael
28,Emily
29,Emma
30,Avery
31,Sophia
32,Lucas
33,Olivia
34,Avery
35,Sofia
36,Oliver
37,Charlotte
38,Elijah
39,Alexander
40,Sophia
41,Charlotte
42,Harper
43,James
44,Mia
45,Michael
46,Evelyn
47,Isabella
48,William
49,Sophia
50,Benjamin
