1,mei
2,YUINA
3,CHAMADA2
4,雪奈
5,唯愛
6,Joki
7,asYouKnow
8,kilari
9,せば
10,LJ
11,KaZuKi
12,キース
13,りこ
14,Jade Gihai
15,あっきー
16,RINO
17,GOMEX
18,Ririna
19,俄然のすけ
20,Mion
21,KOTOMI
22,taichi
23,Yocchan
24,jumbo
25,TSUKURU
26,響
27,Kouuuu
28,SEIYA
29,KO-YA
30,Mu
31,Yu-K@
32,Madoka
33,se-ya the 仏陀
34,naoko
35,Sachika
36,tetttttta
37,アッキー
38,kousuke
39,KEIJIROU
40,凌久
41,ONORIN
42,IO
43,Yu-
44,MEI
45,SO-TA
46,翔妃
47,mimosa
48,KEIN
49,suisui
50,Trej
51,モナ
52,YAN
53,Ray-Ji
54,RION
55,Kanata
56,IORI
57,chimo
58,ttteddy
59,HIROKI
60,moriken
61,HIROHARU
62,はな
63,KAIYU
64,maya
65,RIANA
66,たなか
67,Mie
68,MAO
69,Moka
70,YUIRO
71,Suzu楓
72,Poni
73,UA
74,Kaichi
75,Nanami
76,shohei
77,YUUDOO
78,SAYU
79,HIROKI
80,REIJI
81,miona
82,Rinon
83,Nana
84,momo
85,TAIKI
86,Aina
87,SHION
88,Sho-T@
89,Ryo
90,Kazuto
91,nanaka
92,Ta-kumi
93,TAIKI
94,YURA
95,Arin
96,Coyuki
97,sachina
98,norishige
99,PHOENIX
100,coco
101,RIRICA
102,Yama-P
103,ko-toku
104,Saki
105,asahi
106,ゆうた
107,一聖
108,ゆい花
109,このは
110,KOTOHA
111,saku
112,Kairi
113,OJU
114,がま
115,Ragen
116,Reo-T
117,Ina
118,KAIRI
119,kana
120,V.T.DRAKE
121,Tomoco
122,HARUKI
123,タイミー
124,遥香
125,Akari
126,TsUmU
127,べっち
128,ぐだいまいと
129,yuto
130,プリシラ
131,Momopeach
132,Coco
133,michi
134,ARISA
135,RiN.
136,sayaka
137,Quraio
138,Matcha
139,Nancho
140,Kou
141,KOHARU
142,Anne
143,show-yo
144,けーひな
145,Kei-Tec
146,Yocchi
147,kuwa
148,key
149,haruki
150,SHOWTIMEa.k.a朝活未来
151,Leones
152,OYO
153,TAIHEI
154,Paceli
155,Kazuki
156,YU-SEI
157,Nao
158,Aguila
159,OCAMU
160,もちんどんふぁん
161,あいびす
162,いムロ
163,RUKA
164,zeeta(ジータ)
165,TOM
166,RAM
167,Chiora
168,YUNA
169,KAZOO
170,ko-ta
171,賢親
172,soma
173,Chioco
174,ntk
175,Nozomi
176,Yuina
177,yumi
178,Mami
179,Ryo
180,大一
181,羽衣
182,SHOJI
183,AKI
184,shu_hei
185,Shota
186,MIKU
187,Yutarou(遊び)
188,Leyona
189,Shiho
190,showhey
191,SERA
192,shu-suke
193,Masae
194,Tomoki
195,piroshi