1,mei,tokyo
2,YUINA,静岡県
3,CHAMADA2,OKAJHUU
4,雪奈,三重
5,唯愛,岡山
6,Joki,東京
7,asYouKnow,千葉県
8,kilari,茨城
9,せば,Nremix / 京都
10,LJ,
11,KaZuKi,兵庫
12,キース,神奈川
13,りこ,愛知
14,Jade Gihai,Jade Gihai
15,あっきー,
16,RINO,RIPUKA
17,GOMEX,yygcru/tokyo
18,Ririna,IN THE DARK & Chicago deep dish
19,俄然のすけ,仙台
20,Mion,Tokyo
21,KOTOMI,愛知
22,taichi,たまゆら/Telesphorus
23,Yocchan,東京
24,jumbo,神奈川
25,TSUKURU,神奈川
26,響,福岡
27,Kouuuu,TPPcrew
28,SEIYA,浜松
29,KO-YA,徳島
30,Mu,東京
31,Yu-K@,福岡
32,Madoka,名古屋
33,se-ya the 仏陀,薩摩勢力
34,naoko,名古屋
35,Sachika,東京
36,tetttttta,willace/THEBOOTON
37,アッキー,埼玉県
38,kousuke,東京
39,KEIJIROU,神奈川
40,凌久,BEE VOYAGE
41,ONORIN,BEE VOYAGE
42,IO,IN THE DARK & Chicago deep dish
43,Yu-,BEE VOYAGE
44,MEI,大阪
45,SO-TA,IN THE DARK＆chicago deep dish
46,翔妃,埼玉
47,mimosa,埼玉
48,KEIN,東京
49,suisui,岐阜
50,Trej,Gloria
51,モナ,愛知
52,YAN,Telesphorus
53,Ray-Ji,神奈川
54,RION,IN THE  DARK &chicago  deep dish
55,Kanata,yokohama
56,IORI,東京
57,chimo,東京
58,ttteddy,浜松
59,HIROKI,福岡
60,moriken,東京
61,HIROHARU,長野
62,はな,千葉
63,KAIYU,神奈川
64,maya,東京
65,RIANA,栃木
66,たなか,香川
67,Mie,千葉
68,MAO,埼玉
69,Moka,神奈川
70,YUIRO,神奈川県
71,Suzu楓,埼玉
72,Poni,Taiwan
73,UA,Teleshphorus
74,Kaichi,Telesphorus
75,Nanami,Teleshphorus
76,shohei,Telesphorus
77,YUUDOO,IN THE DARK&Chicago deep dish
78,SAYU,Chicago deep dish
79,HIROKI,BEE VOYAGE
80,REIJI,東京
81,miona,Hriista / 東京
82,Rinon,IN THE DARK & Chicago deep dish
83,Nana,東京
84,momo,埼玉
85,TAIKI,東京
86,Aina,福岡
87,SHION,東京
88,Sho-T@,福岡
89,Ryo,尼崎
90,Kazuto,Gloria
91,nanaka,千葉
92,Ta-kumi,神奈川
93,TAIKI,東京
94,YURA,埼玉
95,Arin,BEE VOYAGE
96,Coyuki,yokohama
97,sachina,静岡県
98,norishige,東京
99,PHOENIX,千歳烏山
100,coco,青森
101,RIRICA,埼玉
102,Yama-P,Sturm / DERAIL.
103,ko-toku,
104,Saki,長崎
105,asahi,神奈川
106,ゆうた,神奈川
107,一聖,宮城県
108,ゆい花,埼玉
109,このは,埼玉
110,KOTOHA,神奈川
111,saku,IN THE DARK &　Chicago deep dish
112,Kairi,IN THE DARK and Chicago deep dish
113,OJU,BEE VOYAGE
114,がま,東京
115,Ragen,東京
116,Reo-T,"Fukagawa, Tokyo"
117,Ina,埼玉
118,KAIRI,山形
119,kana,神奈川
120,V.T.DRAKE,Sturm/DERAIL.
121,Tomoco,東京
122,HARUKI,神奈川
123,タイミー,東京都
124,遥香,鹿児島
125,Akari,神奈川
126,TsUmU,大阪
127,べっち,大阪
128,ぐだいまいと,
129,yuto,東京
130,プリシラ,オーストラリア
131,Momopeach,北海道
132,Coco,神奈川
133,michi,東京
134,ARISA,熊本
135,RiN.,茨城
136,sayaka,福岡
137,Quraio,樂
138,Matcha,Help / Korea
139,Nancho,help / korea
140,Kou,神奈川
141,KOHARU,神奈川
142,Anne,神奈川
143,show-yo,茨城
144,けーひな,東京
145,Kei-Tec,伊豆
146,Yocchi,
147,kuwa,イパネマの会 / 東京
148,key,長崎
149,haruki,AntiploT
150,SHOWTIMEa.k.a朝活未来,yokohama
151,Leones,Gloria
152,OYO,東京
153,TAIHEI,東京
154,Paceli,
155,Kazuki,神奈川
156,YU-SEI,神奈川
157,Nao,神奈川
158,Aguila,小名浜/東京
159,OCAMU,東京
160,もちんどんふぁん,LuchaLibre/ニッキーKスタジオ
161,あいびす,練馬区
162,いムロ,なし/神奈川
163,RUKA,埼玉
164,zeeta(ジータ),
165,TOM,静岡県
166,RAM,静岡県
167,Chiora,大阪
168,YUNA,東京
169,KAZOO,"Willace,Sturm/東京、熊谷"
170,ko-ta,湘南ファイターズ倶楽部/藤沢
171,賢親,藤沢
172,soma,DESCARADOS / Tokyo
173,Chioco,Tokyo
174,ntk,沖縄
175,Nozomi,
176,Yuina,
177,yumi,東京
178,Mami,埼玉
179,Ryo,山梨
180,大一,熊本
181,羽衣,happen inn Mnchr-m，MONTA / 東京
182,SHOJI,山口
183,AKI,osaka
184,shu_hei,Tokyo Footworkz consciencia
185,Shota,福岡
186,MIKU,岐阜
187,Yutarou(遊び),熊谷
188,Leyona,茨城
189,Shiho,神奈川
190,showhey,埼玉
191,SERA,福岡
192,shu-suke,celsus
193,Masae,東京
194,Tomoki,大阪
195,piroshi,
